input,type,md5hex
000.pdf,application/pdf,701d11ff04ab50ae235c0d8d3a1da554
0.pdf,application/pdf,e071af8f3ba62a986a980f242d5ac756
1.pdf,application/pdf,9eef17bb518ddd36a23791735f035bba
011.pdf,application/pdf,f28c60ec0fba737de2efa81effb5d248
100.pdf,application/pdf,7ee208204f3ca75ff8045dc6e101822a
111.pdf,application/pdf,61286be8f8cc41b9e8993b197a77f703
another_0.pdf,application/pdf,4ef6b59d2209a57c420648f8ba85820d
another_1.pdf,application/pdf,eeca869ed91f5cf85416670628b6f08b
0 (copy).pdf,application/pdf,35e010b5ffa74e9777bd59cc44e20099
